{
    "obstacles": [
        {
            "height": 200,
            "rotation": 0,
            "width": 100,
            "x": 209,
            "y": -742
        },
        {
            "height": 200,
            "rotation": 35,
            "width": 100,
            "x": 33,
            "y": 25
        },
        {
            "height": 500,
            "rotation": 7,
            "width": 500,
            "x": 418,
            "y": 48
        },
        {
            "height": 50,
            "rotation": 34,
            "width": 300,
            "x": 68,
            "y": 375
        }
    ],
    "robots": [
        {
            "diameter": 40,
            "rotate-angle": 45,
            "rotate-clockwise": true,
            "speed": 2,
            "type": 1,
            "view-angle": 225.00000000000045,
            "view-distance": 40,
            "x": 225.1400435826767,
            "y": 286.9146468382621
        }
    ]
}
